CREATE TABLE SOFTWARE.REF_LIB_PAYS
(		
   ID_PAYS INT,				
   CODE_PAYS CHAR(2) ,
   LIB_PAYS varchar(60)
)
;

INSERT INTO SOFTWARE.REF_LIB_PAYS  VALUES (1,'JP','Japon');
INSERT INTO SOFTWARE.REF_LIB_PAYS  VALUES (2,'US','Etats Unis');
INSERT INTO SOFTWARE.REF_LIB_PAYS  VALUES (3,'BE','Belgique');
INSERT INTO SOFTWARE.REF_LIB_PAYS  VALUES (4,'ML','Mali');
INSERT INTO SOFTWARE.REF_LIB_PAYS  VALUES (5,'FR','France');
INSERT INTO SOFTWARE.REF_LIB_PAYS  VALUES (6,'CN','Corée du Nord');
INSERT INTO SOFTWARE.REF_LIB_PAYS  VALUES (7,'CS','Corée du Sud');
INSERT INTO SOFTWARE.REF_LIB_PAYS  VALUES (8,'UK','Royaume Uni');


CREATE TABLE SOFTWARE.PAYS
(		
   ID_PAYS INT,				
   ID_REGION INT ,
   NB_JOUEUR_PAYS INT
)
;

INSERT INTO SOFTWARE.PAYS  VALUES (1,1,20000000);
INSERT INTO SOFTWARE.PAYS  VALUES (2,2,100000000);
INSERT INTO SOFTWARE.PAYS  VALUES (3,3,1000000);
INSERT INTO SOFTWARE.PAYS  VALUES (4,4,20000);
INSERT INTO SOFTWARE.PAYS  VALUES (5,3,5000000);
INSERT INTO SOFTWARE.PAYS  VALUES (6,1,500);
INSERT INTO SOFTWARE.PAYS  VALUES (7,1,10000000);
INSERT INTO SOFTWARE.PAYS  VALUES (8,3,12000000);


CREATE TABLE SOFTWARE.REF_LIB_REGION
(		
   ID_REGION INT,				
   CODE_REGION CHAR(2) ,
   LIB_REGION varchar(60)
)
;

INSERT INTO SOFTWARE.REF_LIB_REGION  VALUES (1,'AS','Asie');
INSERT INTO SOFTWARE.REF_LIB_REGION  VALUES (2,'AN','Amérique du Nord');
INSERT INTO SOFTWARE.REF_LIB_REGION  VALUES (3,'EU','Europe');
INSERT INTO SOFTWARE.REF_LIB_REGION  VALUES (4,'AF','Afrique');

CREATE TABLE SOFTWARE.REF_LIB_DEVELOPPEUR
(
   ID_DEVELOPPEUR INT NOT NULL PRIMARY KEY ,
   CODE_DEVELOPPEUR CHAR(2) ,
   LIB_DEVELOPPEUR varchar(50)
)
;
						
INSERT INTO SOFTWARE.REF_LIB_DEVELOPPEUR  VALUES (1,'FS','From Software');
INSERT INTO SOFTWARE.REF_LIB_DEVELOPPEUR  VALUES (2,'BE','Blizzard Entertainment');
INSERT INTO SOFTWARE.REF_LIB_DEVELOPPEUR  VALUES (3,'T2','Take 2 Interactive');
INSERT INTO SOFTWARE.REF_LIB_DEVELOPPEUR  VALUES (4,'LS','Larian Studio');
INSERT INTO SOFTWARE.REF_LIB_DEVELOPPEUR  VALUES (5,'PG','Platinum Games');
INSERT INTO SOFTWARE.REF_LIB_DEVELOPPEUR  VALUES (6,'SE','Sega');
INSERT INTO SOFTWARE.REF_LIB_DEVELOPPEUR  VALUES (7,'IW','Infinity Ward');
INSERT INTO SOFTWARE.REF_LIB_DEVELOPPEUR  VALUES (8,'TR','Treyarch');


CREATE TABLE SOFTWARE.REF_LIB_EDITEUR
(
   ID_EDITEUR INT ,
   CODE_EDITEUR CHAR(2) ,
   LIB_EDITEUR varchar(50)
)
;

INSERT INTO SOFTWARE.REF_LIB_EDITEUR  VALUES (1,'FS','From Software');
INSERT INTO SOFTWARE.REF_LIB_EDITEUR  VALUES (2,'BE','Blizzard Entertainment');
INSERT INTO SOFTWARE.REF_LIB_EDITEUR  VALUES (3,'RS','Rockstar Games');
INSERT INTO SOFTWARE.REF_LIB_EDITEUR  VALUES (4,'LS','Larian Studio');
INSERT INTO SOFTWARE.REF_LIB_EDITEUR  VALUES (5,'SE','SEGA');
INSERT INTO SOFTWARE.REF_LIB_EDITEUR  VALUES (6,'AC','Activision');


CREATE TABLE SOFTWARE.DEVELOPPEUR
(
   ID_DEVELOPPEUR INT ,
   ID_EDITEUR	INT,
   ID_PAYS	INT,
   DATE_CREATION DATE,
   NB_EMPLOYES INT
)
;
						
INSERT INTO SOFTWARE.DEVELOPPEUR  VALUES (1,1,1,'1986-11-01',600);
INSERT INTO SOFTWARE.DEVELOPPEUR  VALUES (2,2,2,'1991-01-01',6700);
INSERT INTO SOFTWARE.DEVELOPPEUR  VALUES (3,3,2,'1998-01-01',2500);
INSERT INTO SOFTWARE.DEVELOPPEUR  VALUES (4,4,3,'1996-01-01',70);
INSERT INTO SOFTWARE.DEVELOPPEUR  VALUES (5,5,1,'2006-08-01',110);
INSERT INTO SOFTWARE.DEVELOPPEUR  VALUES (6,5,1,'1951-01-01',2000);
INSERT INTO SOFTWARE.DEVELOPPEUR  VALUES (7,6,2,'2002-01-01',125);
INSERT INTO SOFTWARE.DEVELOPPEUR  VALUES (8,6,2,'1996-01-01',250);


CREATE TABLE SOFTWARE.REF_LIB_JEUX
(
   ID_JEU INT,
   CODE_JEU varchar(5) ,
   LIB_JEU varchar(60)
   )
;

INSERT INTO SOFTWARE.REF_LIB_JEUX VALUES (1,'DM1','Demon Souls ');
INSERT INTO SOFTWARE.REF_LIB_JEUX VALUES (2,'DS1','Dark Souls ');
INSERT INTO SOFTWARE.REF_LIB_JEUX VALUES (3,'DS2','Dark Souls 2');
INSERT INTO SOFTWARE.REF_LIB_JEUX VALUES (4,'SC1','Starcraft');
INSERT INTO SOFTWARE.REF_LIB_JEUX VALUES (5,'SC2','Starcraft 2');
INSERT INTO SOFTWARE.REF_LIB_JEUX VALUES (6,'SC2W','Starcraft 2 Wings Of Liberty');
INSERT INTO SOFTWARE.REF_LIB_JEUX VALUES (7,'WC1','Warcraft');
INSERT INTO SOFTWARE.REF_LIB_JEUX VALUES (8,'WC2','Warcraft 3');
INSERT INTO SOFTWARE.REF_LIB_JEUX VALUES (9,'GTA4','Grand Theft Auto IV');
INSERT INTO SOFTWARE.REF_LIB_JEUX VALUES (10,'GTA5','Grand Theft Auto V');
INSERT INTO SOFTWARE.REF_LIB_JEUX VALUES (11,'RDR','Red Dead Redemption');
INSERT INTO SOFTWARE.REF_LIB_JEUX VALUES (12,'DD','Divine Divinity');
INSERT INTO SOFTWARE.REF_LIB_JEUX VALUES (13,'DDOS','Divinity - Original Sin');
INSERT INTO SOFTWARE.REF_LIB_JEUX VALUES (14,'BAY1','Bayonetta 1');
INSERT INTO SOFTWARE.REF_LIB_JEUX VALUES (15,'BAY2','Bayonetta 2');
INSERT INTO SOFTWARE.REF_LIB_JEUX VALUES (16,'SO1','Sonic Generation');
INSERT INTO SOFTWARE.REF_LIB_JEUX VALUES (17,'COD1','Call of Duty');
INSERT INTO SOFTWARE.REF_LIB_JEUX VALUES (18,'COD3','Call of Duty 3');
INSERT INTO SOFTWARE.REF_LIB_JEUX VALUES (19,'BOPS1','Call of Duty - Black Ops');
INSERT INTO SOFTWARE.REF_LIB_JEUX VALUES (20,'BOPS2','Call of Duty - Black Ops 2');
INSERT INTO SOFTWARE.REF_LIB_JEUX VALUES (21,'MWF1','Call of Duty - Modern Warfare 1');
INSERT INTO SOFTWARE.REF_LIB_JEUX VALUES (22,'MWF2','Call of Duty - Modern Warfare 2');
INSERT INTO SOFTWARE.REF_LIB_JEUX VALUES (23,'MWF3','Call of Duty - Modern Warfare 3');


CREATE TABLE SOFTWARE.JEUX
(
   ID_JEU  INT NOT NULL,
   ID_DEVELOPPEUR INT,
   DATE_SORTIE DATE,
   PRIX_SORTIE NUMERIC(8,2)
)
;
INSERT INTO SOFTWARE.JEUX VALUES (1,1,'2009-02-05',40.0);
INSERT INTO SOFTWARE.JEUX VALUES (2,1,'2011-09-01',50.0);
INSERT INTO SOFTWARE.JEUX VALUES (3,1,'2014-03-01',60.0);
INSERT INTO SOFTWARE.JEUX VALUES (4,2,'1998-01-01',20.0);
INSERT INTO SOFTWARE.JEUX VALUES (5,2,'2010-07-27',40.0);
INSERT INTO SOFTWARE.JEUX VALUES (6,2,'2013-03-12',50.0);
INSERT INTO SOFTWARE.JEUX VALUES (7,2,'1994-01-01',20.0);
INSERT INTO SOFTWARE.JEUX VALUES (8,2,'2012-07-01',40.0);
INSERT INTO SOFTWARE.JEUX VALUES (9,3,'2008-01-01',40.0);
INSERT INTO SOFTWARE.JEUX VALUES (10,3,'2013-10-10',50.0);
INSERT INTO SOFTWARE.JEUX VALUES (11,3,'2010-05-18',45.0);
INSERT INTO SOFTWARE.JEUX VALUES (12,4,'2002-09-20',35.0);
INSERT INTO SOFTWARE.JEUX VALUES (13,4,'2014-04-02',60.0);
INSERT INTO SOFTWARE.JEUX VALUES (14,5,'2010-01-05',55.0);
INSERT INTO SOFTWARE.JEUX VALUES (15,5,'2014-10-01',65.0);
INSERT INTO SOFTWARE.JEUX VALUES (16,6,'2011-11-01',50.0);
INSERT INTO SOFTWARE.JEUX VALUES (17,7,'2003-09-29',45.0);
INSERT INTO SOFTWARE.JEUX VALUES (18,8,'2006-11-07',60.0);
INSERT INTO SOFTWARE.JEUX VALUES (19,8,'2010-11-09',65.0);
INSERT INTO SOFTWARE.JEUX VALUES (20,8,'2012-11-13',65.0);
INSERT INTO SOFTWARE.JEUX VALUES (21,7,'2007-11-06',50.0);
INSERT INTO SOFTWARE.JEUX VALUES (22,7,'2009-11-10',55.0);
INSERT INTO SOFTWARE.JEUX VALUES (23,7,'2011-11-08',60.0);


CREATE TABLE SOFTWARE.REF_LIB_MAGASIN
(		
   ID_MAGASIN INT,				
   CODE_MAGASIN CHAR(2) ,
   LIB_MAGASIN varchar(60)
)
;
INSERT INTO SOFTWARE.REF_LIB_MAGASIN  VALUES (1,'CS','Micromania Creteil Soleil');
INSERT INTO SOFTWARE.REF_LIB_MAGASIN  VALUES (2,'PM','FNAC Paris Montparnasse');	
INSERT INTO SOFTWARE.REF_LIB_MAGASIN  VALUES (3,'BE','Micromania Belle Epine');
INSERT INTO SOFTWARE.REF_LIB_MAGASIN  VALUES (4,'HA','FNAC Chatelet - Les Halles');	


CREATE TABLE SOFTWARE.MAGASIN
(
   ID_MAGASIN INT,		
   CA_ANNUEL REAL,
   ID_RESPONSABLE INT,
   ID_CHAINE INT
)
;
INSERT INTO SOFTWARE.MAGASIN  VALUES (1,1500000,1,1);
INSERT INTO SOFTWARE.MAGASIN  VALUES (3,1200000,2,1);
INSERT INTO SOFTWARE.MAGASIN  VALUES (2,3100000,3,2);	
INSERT INTO SOFTWARE.MAGASIN  VALUES (4,6500000,4,2);	

CREATE TABLE SOFTWARE.REF_LIB_CHAINE
(		
   ID_CHAINE INT,				
   CODE_CHAINE CHAR(4) ,
   LIB_CHAINE varchar(60)
)
;
INSERT INTO SOFTWARE.REF_LIB_CHAINE  VALUES (1,'MCM', 'Micromania');
INSERT INTO SOFTWARE.REF_LIB_CHAINE  VALUES (2,'FNAC','FNAC');	


CREATE TABLE SOFTWARE.REF_LIB_EMPLOYE
(
   ID_EMPLOYE INT,		
   ID_RESPONSABLE INT,
   CODE_EMPLOYE CHAR(3),
   NOM_EMPLOYE CHAR(60),
   PRENOM_EMPLOYE CHAR(60)
)
;
INSERT INTO SOFTWARE.REF_LIB_EMPLOYE  VALUES (1,1000,'CS1','DUPOND','Martin');
INSERT INTO SOFTWARE.REF_LIB_EMPLOYE  VALUES (2,1000,'CS2','MARTIN','Magali');
INSERT INTO SOFTWARE.REF_LIB_EMPLOYE  VALUES (3,1005,'PM1','DUVAL','Franck');
INSERT INTO SOFTWARE.REF_LIB_EMPLOYE  VALUES (4,1001,'BE1','DURAND','Marcel');
INSERT INTO SOFTWARE.REF_LIB_EMPLOYE  VALUES (5,1001,'BE2','CALAMEL','Sylvain');
INSERT INTO SOFTWARE.REF_LIB_EMPLOYE  VALUES (6,1001,'BE3','CARTON','Patrick');
INSERT INTO SOFTWARE.REF_LIB_EMPLOYE  VALUES (1000,5000,'CSC','BOSS','Little');
INSERT INTO SOFTWARE.REF_LIB_EMPLOYE  VALUES (1001,5000,'VPC','BELLE','Epine');
INSERT INTO SOFTWARE.REF_LIB_EMPLOYE  VALUES (1005,10000,'PMC','CONNORS','Jimmy');
INSERT INTO SOFTWARE.REF_LIB_EMPLOYE  VALUES (5000,5000,'XXX','PICSOU','Oncle');
INSERT INTO SOFTWARE.REF_LIB_EMPLOYE  VALUES (10000,10000,'YYY','BOMPARD','Alexandre');

CREATE TABLE SOFTWARE.VENTES
(	
   ID_TRANSACTION BIGINT,
   DT_TRANSACTION DATE ,
   ID_MAGASIN INT,
   ID_JEU INT,
   PRIX_VENTE float(20),
   ID_VENDEUR INT
);

INSERT INTO SOFTWARE.VENTES VALUES (1,'2014-11-01',1,5,15,1);
INSERT INTO SOFTWARE.VENTES VALUES (2,'2014-11-01',1,3,35,1);
INSERT INTO SOFTWARE.VENTES VALUES (3,'2014-11-01',1,8,35,1);
INSERT INTO SOFTWARE.VENTES VALUES (4,'2014-11-01',1,10,50,1);
INSERT INTO SOFTWARE.VENTES VALUES (5,'2014-11-02',2,9,35,3);
INSERT INTO SOFTWARE.VENTES VALUES (6,'2014-11-02',2,5,25,3);
INSERT INTO SOFTWARE.VENTES VALUES (7,'2014-11-03',1,14,35,2);
INSERT INTO SOFTWARE.VENTES VALUES (8,'2014-11-03',1,14,40,2);
INSERT INTO SOFTWARE.VENTES VALUES (9,'2014-11-03',1,15,50,1);
INSERT INTO SOFTWARE.VENTES VALUES (10,'2014-11-03',1,15,55,1);
INSERT INTO SOFTWARE.VENTES VALUES (11,'2014-11-03',3,6,35,4);
INSERT INTO SOFTWARE.VENTES VALUES (12,'2014-11-03',3,11,40,5);
INSERT INTO SOFTWARE.VENTES VALUES (13,'2014-11-03',3,2,15,4);
INSERT INTO SOFTWARE.VENTES VALUES (14,'2014-11-04',1,5,50,1);
INSERT INTO SOFTWARE.VENTES VALUES (15,'2014-11-04',1,15,55,1);
INSERT INTO SOFTWARE.VENTES VALUES (16,'2014-11-04',1,15,55,1);
INSERT INTO SOFTWARE.VENTES VALUES (17,'2014-11-05',1,9,45,2);
INSERT INTO SOFTWARE.VENTES VALUES (18,'2014-11-05',1,10,50,1);
INSERT INTO SOFTWARE.VENTES VALUES (19,'2014-11-05',1,5,25,1);
INSERT INTO SOFTWARE.VENTES VALUES (20,'2014-11-05',2,13,50,3);
INSERT INTO SOFTWARE.VENTES VALUES (21,'2014-11-05',2,18,30,3);
INSERT INTO SOFTWARE.VENTES VALUES (22,'2014-11-06',3,15,55,6);
INSERT INTO SOFTWARE.VENTES VALUES (23,'2014-11-06',3,16,60,4);
INSERT INTO SOFTWARE.VENTES VALUES (24,'2014-11-07',1,6,45,1);
INSERT INTO SOFTWARE.VENTES VALUES (25,'2014-11-07',3,6,45,5);
INSERT INTO SOFTWARE.VENTES VALUES (26,'2014-11-08',1,11,45,1);
INSERT INTO SOFTWARE.VENTES VALUES (27,'2014-11-09',1,15,55,1);

